City_ID,City,Country,Date,Lat,Lng,Max Temp,Humidity,Cloudiness,Wind Speed,Current Description
0,Tetouan,MA,2021-10-25 21:20:41,35.5711,-5.3724,68.88,88,75,6.91,broken clouds
1,Kochi,IN,2021-10-25 21:15:52,9.9399,76.2602,73.38,91,97,5.21,overcast clouds
2,Albany,US,2021-10-25 21:17:35,42.6001,-73.9662,62.74,89,100,3.74,overcast clouds
3,Fortuna,US,2021-10-25 21:20:42,40.5982,-124.1573,61.99,68,75,1.99,broken clouds
4,Saint George,US,2021-10-25 21:15:45,37.1041,-113.5841,81.07,22,75,10.0,broken clouds
5,Balaipungut,ID,2021-10-25 21:20:43,1.05,101.2833,77.41,99,91,0.78,overcast clouds
6,Lompoc,US,2021-10-25 21:20:44,34.6391,-120.4579,64.85,83,90,11.5,overcast clouds
7,Castro,BR,2021-10-25 21:16:23,-24.7911,-50.0119,64.27,82,75,3.09,broken clouds
8,Busselton,AU,2021-10-25 21:15:25,-33.65,115.3333,40.05,76,100,2.08,overcast clouds
9,Mercedes,AR,2021-10-25 21:17:45,-34.6515,-59.4307,86.02,28,30,6.96,scattered clouds
10,Mar Del Plata,AR,2021-10-25 21:20:45,-38.0023,-57.5575,64.42,48,0,10.0,clear sky
11,Fairbanks,US,2021-10-25 21:20:45,64.8378,-147.7164,29.61,91,90,0.0,overcast clouds
12,Mataura,NZ,2021-10-25 21:20:46,-46.1927,168.8643,58.59,78,94,2.44,overcast clouds
13,Atuona,PF,2021-10-25 21:20:46,-9.8,-139.0333,77.41,75,15,15.86,light rain
14,Nikolskoye,RU,2021-10-25 21:20:47,59.7035,30.7861,46.87,83,99,9.69,overcast clouds
15,Roald,NO,2021-10-25 21:20:47,62.5833,6.1333,51.33,76,75,8.05,broken clouds
16,Nizhniy Kuranakh,RU,2021-10-25 21:20:48,58.8353,125.4869,33.76,95,100,8.75,light rain
17,Inirida,CO,2021-10-25 21:20:48,3.8653,-67.9239,76.66,96,100,3.13,overcast clouds
18,Ushuaia,AR,2021-10-25 21:20:49,-54.8,-68.3,33.46,93,75,24.16,snow
19,Bambous Virieux,MU,2021-10-25 21:17:46,-20.3428,57.7575,70.05,88,75,14.97,light intensity shower rain
20,Baikunthpur,IN,2021-10-25 21:20:49,23.25,82.55,68.25,54,55,2.53,broken clouds
21,Emerald,AU,2021-10-25 21:17:38,-23.5333,148.1667,67.33,89,51,14.54,broken clouds
22,Butaritari,KI,2021-10-25 21:20:50,3.0707,172.7902,81.52,76,5,7.76,clear sky
23,Kongolo,CD,2021-10-25 21:20:50,-5.3833,27.0,71.49,94,47,1.16,scattered clouds
24,Lavrentiya,RU,2021-10-25 21:20:51,65.5833,-171.0,17.47,78,100,10.09,overcast clouds
25,Phan Thiet,VN,2021-10-25 21:20:51,10.9333,108.1,75.78,93,100,3.65,overcast clouds
26,Narsaq,GL,2021-10-25 21:20:52,60.9167,-46.05,28.62,46,37,10.89,scattered clouds
27,Contamana,PE,2021-10-25 21:20:52,-7.3333,-75.0167,72.59,99,100,6.69,moderate rain
28,Cabo San Lucas,MX,2021-10-25 21:17:44,22.8909,-109.9124,90.52,57,1,12.66,clear sky
29,Ribeira Grande,PT,2021-10-25 21:18:31,38.5167,-28.7,68.14,74,81,17.67,broken clouds
30,Mahebourg,MU,2021-10-25 21:20:53,-20.4081,57.7,70.09,88,75,14.97,light intensity shower rain
31,Tecpan,GT,2021-10-25 21:20:54,14.7623,-90.9947,72.36,73,23,3.94,few clouds
32,Chuy,UY,2021-10-25 21:20:54,-33.6971,-53.4616,74.21,60,0,8.72,clear sky
33,Hermanus,ZA,2021-10-25 21:18:05,-34.4187,19.2345,61.81,85,17,14.25,few clouds
34,Avera,US,2021-10-25 21:17:44,33.194,-82.5271,81.91,68,79,8.3,broken clouds
35,Ilulissat,GL,2021-10-25 21:17:43,69.2167,-51.1,15.82,67,0,3.44,clear sky
36,Cape Town,ZA,2021-10-25 21:20:55,-33.9258,18.4232,63.1,67,0,3.0,clear sky
37,Ponta Do Sol,PT,2021-10-25 21:20:56,32.6667,-17.1,70.72,72,23,6.96,few clouds
38,Aksu,CN,2021-10-25 21:20:56,41.1231,80.2644,47.05,43,6,3.49,clear sky
39,Ocos,GT,2021-10-25 21:20:56,14.5094,-92.1933,87.98,74,82,7.2,broken clouds
40,Hilo,US,2021-10-25 21:20:57,19.7297,-155.09,80.33,79,40,10.36,light rain
41,Provideniya,RU,2021-10-25 21:20:57,64.3833,-173.3,21.31,58,90,6.71,light snow
42,New Norfolk,AU,2021-10-25 21:20:58,-42.7826,147.0587,50.67,63,19,1.01,few clouds
43,Hobart,AU,2021-10-25 21:13:38,-42.8794,147.3294,50.25,70,75,1.01,broken clouds
44,Arrecife,ES,2021-10-25 21:20:58,28.963,-13.5477,71.67,78,20,14.97,few clouds
45,Hithadhoo,MV,2021-10-25 21:20:59,-0.6,73.0833,82.98,73,98,15.66,overcast clouds
46,Bluff,NZ,2021-10-25 21:20:59,-46.6,168.3333,53.55,89,68,5.37,broken clouds
47,Tiksi,RU,2021-10-25 21:21:00,71.6872,128.8694,2.68,96,99,4.97,overcast clouds
48,Sao Raimundo Das Mangabeiras,BR,2021-10-25 21:21:00,-7.0219,-45.4811,82.8,63,93,3.09,overcast clouds
49,Qaanaaq,GL,2021-10-25 21:21:01,77.484,-69.3632,0.09,58,37,13.6,scattered clouds
50,Kodiak,US,2021-10-25 21:21:01,57.79,-152.4072,44.11,70,90,10.36,overcast clouds
51,Molokovo,RU,2021-10-25 21:21:02,58.1661,36.7628,35.98,87,96,13.38,overcast clouds
52,Carnarvon,AU,2021-10-25 21:17:41,-24.8667,113.6333,62.67,63,90,8.05,overcast clouds
53,Luderitz,NA,2021-10-25 21:21:03,-26.6481,15.1594,57.58,87,5,3.85,clear sky
54,Pangkalanbuun,ID,2021-10-25 21:21:04,-2.6833,111.6167,73.65,98,100,1.12,overcast clouds
55,Asau,RO,2021-10-25 21:21:04,46.4333,26.4,36.75,70,0,2.28,clear sky
56,Grand Gaube,MU,2021-10-25 21:21:04,-20.0064,57.6608,70.2,81,1,21.27,light rain
57,Hofn,IS,2021-10-25 21:21:05,64.2539,-15.2082,39.67,73,100,6.69,overcast clouds
58,Bredasdorp,ZA,2021-10-25 21:17:48,-34.5322,20.0403,61.29,88,10,11.5,clear sky
59,Pevek,RU,2021-10-25 21:21:06,69.7008,170.3133,-1.08,96,100,4.03,overcast clouds
60,Saldanha,ZA,2021-10-25 21:21:06,-33.0117,17.9442,64.45,77,40,10.49,scattered clouds
61,Madang,PG,2021-10-25 21:21:07,-5.2246,145.7966,76.98,91,63,2.33,broken clouds
62,Zhangye,CN,2021-10-25 21:21:07,38.9342,100.4517,41.54,66,96,5.93,overcast clouds
63,Bengkulu,ID,2021-10-25 21:21:08,-3.8004,102.2655,74.55,89,100,2.91,overcast clouds
64,Pangnirtung,CA,2021-10-25 21:21:08,66.1451,-65.7125,24.8,74,75,2.3,broken clouds
65,Rikitea,PF,2021-10-25 21:21:08,-23.1203,-134.9692,75.07,72,96,21.18,overcast clouds
66,Yellowknife,CA,2021-10-25 21:19:25,62.456,-114.3525,41.41,99,90,13.8,overcast clouds
67,Poum,NC,2021-10-25 21:21:09,-20.2333,164.0167,75.42,69,3,17.25,clear sky
68,Eureka,US,2021-10-25 21:21:10,40.8021,-124.1637,62.26,62,60,8.99,broken clouds
69,Kapaa,US,2021-10-25 21:17:44,22.0752,-159.319,82.38,84,90,1.01,light rain
70,Santa Maria,BR,2021-10-25 21:21:10,-29.6842,-53.8069,81.7,28,0,5.75,clear sky
71,Kodinsk,RU,2021-10-25 21:21:11,58.6881,99.1844,42.85,73,82,18.68,broken clouds
72,Khatanga,RU,2021-10-25 21:21:11,71.9667,102.5,5.9,96,100,8.08,light snow
73,Rehoboth,NA,2021-10-25 21:21:12,-23.3167,17.0833,66.22,19,0,7.31,clear sky
74,Sidi Ali,DZ,2021-10-25 21:21:12,36.0998,0.4206,63.34,63,100,9.19,overcast clouds
75,Tiarei,PF,2021-10-25 21:21:13,-17.5333,-149.3333,82.42,75,79,5.17,light rain
76,Dakar,SN,2021-10-25 21:21:03,14.6937,-17.4441,82.53,78,0,9.22,clear sky
77,Hyeres,FR,2021-10-25 21:21:13,43.1167,6.1167,60.42,73,0,1.14,clear sky
78,Bethel,US,2021-10-25 21:21:14,41.3712,-73.414,70.0,85,1,6.91,clear sky
79,Esperance,AU,2021-10-25 21:21:14,-33.8667,121.9,53.26,77,61,8.43,broken clouds
80,Guerrero Negro,MX,2021-10-25 21:17:45,27.9769,-114.0611,71.76,61,28,14.9,scattered clouds
81,Kahului,US,2021-10-25 21:21:15,20.8947,-156.47,85.26,66,20,17.27,few clouds
82,Cap Malheureux,MU,2021-10-25 21:21:15,-19.9842,57.6142,70.29,81,1,20.98,light rain
83,Port Alfred,ZA,2021-10-25 21:18:27,-33.5906,26.891,62.89,83,12,17.67,few clouds
84,Bay Roberts,CA,2021-10-25 21:21:16,47.5999,-53.2648,42.33,71,100,3.0,overcast clouds
85,San Quintin,MX,2021-10-25 21:21:17,30.4833,-115.95,68.2,67,3,15.46,clear sky
86,Touros,BR,2021-10-25 21:18:24,-5.1989,-35.4608,81.5,73,0,17.18,clear sky
87,Arman,RU,2021-10-25 21:21:18,59.7,150.1667,22.78,72,100,3.62,overcast clouds
88,Longyearbyen,SJ,2021-10-25 21:18:31,78.2186,15.6401,19.24,63,20,18.41,few clouds
89,Mahajanga,MG,2021-10-25 21:21:18,-15.7167,46.3167,78.82,89,20,4.61,few clouds
90,Gizo,SB,2021-10-25 21:21:19,-8.103,156.8419,82.78,75,31,6.91,scattered clouds
91,Chitral,PK,2021-10-25 21:21:19,35.8462,71.7858,51.26,56,1,4.23,clear sky
92,Kyshtovka,RU,2021-10-25 21:21:20,56.555,76.6271,40.75,88,100,8.66,light rain
93,Punta Arenas,CL,2021-10-25 21:17:48,-53.15,-70.9167,42.91,65,40,26.46,scattered clouds
94,Saint-Pierre,RE,2021-10-25 21:21:21,-21.3393,55.4781,73.08,77,75,4.61,broken clouds
95,East London,ZA,2021-10-25 21:21:21,-33.0153,27.9116,64.83,78,88,15.48,light rain
96,Bosaso,SO,2021-10-25 21:21:21,11.2842,49.1816,79.5,67,81,3.38,broken clouds
97,College,US,2021-10-25 21:21:22,64.8569,-147.8028,28.35,91,90,0.0,overcast clouds
98,Vaini,TO,2021-10-25 21:21:22,-21.2,-175.2,77.16,83,20,9.22,few clouds
99,Brae,GB,2021-10-25 21:21:23,60.3964,-1.353,49.91,76,100,18.5,overcast clouds
100,Chokurdakh,RU,2021-10-25 21:21:23,70.6333,147.9167,-23.17,100,97,1.54,overcast clouds
101,Cochrane,CA,2021-10-25 21:21:24,51.1834,-114.4687,56.7,29,1,13.8,clear sky
102,Uttaradit,TH,2021-10-25 21:21:24,17.6667,100.5,66.67,98,85,2.84,overcast clouds
103,Hami,CN,2021-10-25 21:21:24,42.8,93.45,46.72,35,0,6.67,clear sky
104,Camana,PE,2021-10-25 21:21:25,-16.6228,-72.7111,64.78,71,32,7.16,scattered clouds
105,Morro Agudo,BR,2021-10-25 21:21:25,-20.7314,-48.0578,84.22,58,87,6.02,overcast clouds
106,Laguna,US,2021-10-25 21:18:05,38.421,-121.4238,67.1,57,20,4.0,few clouds
107,Jamestown,US,2021-10-25 21:17:37,42.097,-79.2353,62.02,86,90,1.99,overcast clouds
108,Souillac,MU,2021-10-25 21:18:34,-20.5167,57.5167,70.18,88,75,14.97,light intensity shower rain
109,Makurdi,NG,2021-10-25 21:21:26,7.7411,8.5121,79.54,82,99,4.99,overcast clouds
110,Muzhi,RU,2021-10-25 21:21:27,65.3667,64.6667,21.4,78,58,11.16,broken clouds
111,Borovoy,RU,2021-10-25 21:21:27,55.4333,86.0833,40.28,75,0,8.95,clear sky
112,Georgetown,MY,2021-10-25 21:17:08,5.4112,100.3354,80.89,91,20,4.61,few clouds
113,Graaff-Reinet,ZA,2021-10-25 21:21:28,-32.2522,24.5308,56.91,73,0,3.98,clear sky
114,Salas,ES,2021-10-25 21:21:28,43.4118,-6.2602,58.28,97,69,2.44,broken clouds
115,Coquimbo,CL,2021-10-25 21:19:36,-29.9533,-71.3436,60.53,77,75,11.5,broken clouds
116,Mandalgovi,MN,2021-10-25 21:21:29,45.7625,106.2708,30.18,65,0,8.01,clear sky
117,Mikulov,CZ,2021-10-25 21:21:30,48.8056,16.6378,49.53,86,100,9.42,overcast clouds
118,Kudahuvadhoo,MV,2021-10-25 21:21:17,2.6708,72.8944,81.99,77,100,15.86,overcast clouds
119,Barrow,US,2021-10-25 21:21:30,71.2906,-156.7887,26.62,86,90,16.11,mist
120,Jalu,LY,2021-10-25 21:21:31,29.0331,21.5482,76.59,31,42,11.72,scattered clouds
121,Atar,MR,2021-10-25 21:21:31,20.5169,-13.0499,86.36,20,93,8.93,overcast clouds
122,Taggia,IT,2021-10-25 21:21:32,43.8485,7.8545,63.0,88,0,7.7,clear sky
123,Kaitangata,NZ,2021-10-25 21:21:32,-46.2817,169.8464,54.23,84,100,6.2,overcast clouds
124,Norman Wells,CA,2021-10-25 21:21:33,65.282,-126.8329,23.04,93,90,4.61,overcast clouds
125,Shingu,JP,2021-10-25 21:21:33,33.7333,135.9833,59.02,86,98,5.06,overcast clouds
126,Geraldton,AU,2021-10-25 21:21:34,-28.7667,114.6,52.21,93,75,6.91,broken clouds
127,Vallenar,CL,2021-10-25 21:21:34,-28.5708,-70.7581,76.19,32,0,8.86,clear sky
128,Vardo,NO,2021-10-25 21:21:34,70.3705,31.1107,32.2,78,100,23.6,light snow
129,Tuktoyaktuk,CA,2021-10-25 21:21:35,69.4541,-133.0374,30.2,100,90,5.75,light snow
130,Arraial Do Cabo,BR,2021-10-25 21:18:17,-22.9661,-42.0278,69.76,83,90,8.05,overcast clouds
131,Saint Anthony,US,2021-10-25 21:21:36,45.0205,-93.218,55.54,43,1,1.01,clear sky
132,Bud,US,2021-10-25 21:21:36,39.447,-86.1758,54.41,96,100,11.3,light rain
133,Gavle,SE,2021-10-25 21:21:36,60.6745,17.1417,48.51,87,99,4.0,overcast clouds
134,Srandakan,ID,2021-10-25 21:21:37,-7.9386,110.2506,78.55,77,98,3.87,light rain
135,Antofagasta,CL,2021-10-25 21:17:29,-23.65,-70.4,61.88,62,0,4.21,clear sky
136,Goderich,CA,2021-10-25 21:21:38,43.7501,-81.7165,44.92,87,100,17.27,overcast clouds
137,Cayenne,GF,2021-10-25 21:21:38,4.9333,-52.3333,77.04,92,75,1.01,moderate rain
138,Smithers,CA,2021-10-25 21:21:38,54.7804,-127.1743,43.12,87,90,3.44,overcast clouds
139,Palaikastron,GR,2021-10-25 21:21:39,35.2,26.25,64.74,62,100,17.18,overcast clouds
140,Port Elizabeth,ZA,2021-10-25 21:21:39,-33.918,25.5701,64.09,88,0,11.5,clear sky
141,Udachnyy,RU,2021-10-25 21:21:40,66.4167,112.4,19.24,95,99,5.77,light snow
142,Torrington,US,2021-10-25 21:21:40,41.8007,-73.1212,67.66,98,100,1.99,overcast clouds
143,Cockburn Town,TC,2021-10-25 21:20:35,21.4612,-71.1419,82.36,74,40,9.22,scattered clouds
144,Ostrovnoy,RU,2021-10-25 21:21:41,68.0531,39.5131,20.59,95,60,6.93,broken clouds
145,Teguldet,RU,2021-10-25 21:21:41,57.3064,88.1667,36.55,84,97,6.04,overcast clouds
146,Mount Isa,AU,2021-10-25 21:21:42,-20.7333,139.5,78.57,41,40,0.0,scattered clouds
147,Songjianghe,CN,2021-10-25 21:21:42,42.1859,127.479,35.69,82,76,5.48,broken clouds
148,Kitimat,CA,2021-10-25 21:21:43,54.0524,-128.6534,50.38,55,100,1.77,overcast clouds
149,Bathsheba,BB,2021-10-25 21:19:14,13.2167,-59.5167,83.01,74,75,24.16,broken clouds
150,Te Anau,NZ,2021-10-25 21:21:43,-45.4167,167.7167,58.35,84,69,1.03,broken clouds
151,Airai,TL,2021-10-25 21:21:44,-8.9266,125.4092,59.5,83,63,2.08,broken clouds
152,Santa Cruz De La Palma,ES,2021-10-25 21:21:33,28.6835,-17.7642,71.74,68,75,13.8,broken clouds
153,Muros,ES,2021-10-25 21:21:44,42.7762,-9.0603,60.84,94,0,6.13,clear sky
154,Taoudenni,ML,2021-10-25 21:21:45,22.6783,-3.9836,89.04,17,53,9.04,broken clouds
155,Onega,RU,2021-10-25 21:21:45,63.9061,38.1404,29.39,95,100,8.97,snow
156,Puerto Ayora,EC,2021-10-25 21:21:46,-0.7393,-90.3518,75.16,92,52,5.01,broken clouds
157,Uray,RU,2021-10-25 21:21:46,60.1247,64.7758,29.88,74,100,10.13,overcast clouds
158,Beitbridge,ZW,2021-10-25 21:21:46,-22.2167,30.0,62.98,80,78,9.69,light rain
159,Upernavik,GL,2021-10-25 21:21:47,72.7868,-56.1549,15.12,62,8,5.88,clear sky
160,Kikwit,CD,2021-10-25 21:21:47,-5.041,18.8162,70.65,95,94,1.61,overcast clouds
161,Alofi,NU,2021-10-25 21:21:48,-19.0595,-169.9187,80.49,69,75,13.8,broken clouds
162,Dunedin,NZ,2021-10-25 21:21:48,-45.8742,170.5036,57.79,94,100,7.0,moderate rain
163,Ancud,CL,2021-10-25 21:19:14,-41.8697,-73.8203,56.43,93,100,13.67,light rain
164,Talnakh,RU,2021-10-25 21:21:49,69.4865,88.3972,16.97,96,100,7.09,light snow
165,Champerico,GT,2021-10-25 21:21:49,14.3,-91.9167,86.76,74,52,6.64,broken clouds
166,Klaksvik,FO,2021-10-25 21:18:35,62.2266,-6.589,43.72,81,100,14.54,overcast clouds
167,Upata,VE,2021-10-25 21:21:50,8.0086,-62.3989,73.69,93,96,7.34,overcast clouds
168,Herat,AF,2021-10-25 21:21:51,34.5,62.0,54.63,27,0,5.68,clear sky
169,Kruisfontein,ZA,2021-10-25 21:21:52,-34.0033,24.7314,61.88,92,4,4.88,clear sky
170,Puerto Carreno,CO,2021-10-25 21:21:52,6.189,-67.4859,86.92,63,96,5.97,light rain
171,Isabela,PH,2021-10-25 21:21:52,6.7085,121.9711,75.25,80,97,0.38,overcast clouds
172,Lebu,CL,2021-10-25 21:21:53,-37.6167,-73.65,55.87,81,9,14.0,clear sky
173,Jackson,US,2021-10-25 21:20:56,42.4165,-122.8345,60.15,62,75,8.05,broken clouds
174,Nizwa,OM,2021-10-25 21:21:54,22.9333,57.5333,79.81,39,0,5.01,clear sky
175,Kuusamo,FI,2021-10-25 21:21:54,65.9667,29.1833,28.44,93,90,5.75,light snow
176,Marsa Matruh,EG,2021-10-25 21:21:55,31.3525,27.2453,71.8,73,20,4.61,few clouds
177,Tonj,SS,2021-10-25 21:21:55,7.2737,28.6822,75.16,76,53,2.44,light rain
178,Ginir,ET,2021-10-25 21:21:55,7.1333,40.7,57.22,79,11,5.68,few clouds
179,Valparaiso,CL,2021-10-25 21:20:56,-33.0393,-71.6273,73.63,47,0,19.57,clear sky
180,Maragogi,BR,2021-10-25 21:21:56,-9.0122,-35.2225,77.68,80,5,11.07,clear sky
181,La Rioja,ES,2021-10-25 21:17:01,42.25,-2.5,48.49,66,100,4.94,overcast clouds
182,Pitiquito,MX,2021-10-25 21:21:57,30.7,-112.0833,91.18,24,0,18.25,clear sky
183,Itarema,BR,2021-10-25 21:21:57,-2.9248,-39.9167,80.35,71,3,16.87,clear sky
184,Chicama,PE,2021-10-25 21:21:58,-7.8447,-79.1469,61.34,64,57,9.28,broken clouds
185,Avarua,CK,2021-10-25 21:21:58,-21.2078,-159.775,77.05,61,75,16.11,broken clouds
186,Vangaindrano,MG,2021-10-25 21:21:59,-23.35,47.6,72.28,91,5,3.89,clear sky
187,Codrington,AU,2021-10-25 21:21:59,-38.2667,141.9667,43.38,83,48,7.4,scattered clouds
188,Dikson,RU,2021-10-25 21:22:00,73.5069,80.5464,13.78,82,100,17.2,overcast clouds
189,Mpwapwa,TZ,2021-10-25 21:22:00,-6.35,36.4833,70.16,63,52,5.59,broken clouds
190,Thompson,CA,2021-10-25 21:22:01,55.7435,-97.8558,41.16,65,75,4.61,broken clouds
191,Fomboni,KM,2021-10-25 21:22:01,-12.28,43.7425,79.65,85,20,18.28,few clouds
192,Abu Samrah,SY,2021-10-25 21:22:02,35.3029,37.1841,64.96,57,78,3.29,broken clouds
193,Chalus,IR,2021-10-25 21:22:03,36.655,51.4204,60.26,88,75,4.61,broken clouds
194,Bilibino,RU,2021-10-25 21:22:03,68.0546,166.4372,-15.72,94,99,2.62,overcast clouds
195,Springfield,US,2021-10-25 21:22:01,37.2153,-93.2982,64.06,70,1,4.0,clear sky
196,Boa Vista,BR,2021-10-25 21:22:04,2.8197,-60.6733,89.58,55,40,3.44,scattered clouds
197,Saint-Philippe,RE,2021-10-25 21:22:04,-21.3585,55.7679,72.99,81,42,12.77,scattered clouds
198,Cidreira,BR,2021-10-25 21:22:05,-30.1811,-50.2056,68.67,72,0,9.55,clear sky
199,Wladyslawowo,PL,2021-10-25 21:22:05,54.7909,18.4009,44.94,61,100,10.94,overcast clouds
200,Oranjestad,AW,2021-10-25 21:22:06,12.524,-70.027,85.95,66,20,20.71,few clouds
201,Vestmannaeyjar,IS,2021-10-25 21:22:06,63.4427,-20.2734,41.16,84,100,5.7,overcast clouds
202,Port Lincoln,AU,2021-10-25 21:22:07,-34.7333,135.8667,59.67,64,99,14.74,overcast clouds
203,Lazarev,RU,2021-10-25 21:22:07,52.225,141.5131,40.15,75,1,10.58,clear sky
204,Margate,GB,2021-10-25 21:22:08,51.3813,1.3862,51.96,89,94,1.01,overcast clouds
205,Homer,US,2021-10-25 21:22:08,59.6425,-151.5483,40.89,81,1,4.61,clear sky
206,Komsomolskiy,UZ,2021-10-25 21:22:09,40.4272,71.7189,47.62,49,0,6.91,clear sky
207,Tasiilaq,GL,2021-10-25 21:22:09,65.6145,-37.6368,32.16,85,100,14.16,overcast clouds
208,Kibre Mengist,ET,2021-10-25 21:22:10,5.8833,38.9833,55.53,94,83,1.32,broken clouds
209,Coihaique,CL,2021-10-25 21:19:02,-45.5752,-72.0662,48.15,71,90,6.91,light rain
210,Buraydah,SA,2021-10-25 21:22:10,26.326,43.975,77.45,33,0,12.88,clear sky
211,Lagoa,PT,2021-10-25 21:22:11,39.05,-27.9833,67.59,72,3,12.66,clear sky
212,Clyde River,CA,2021-10-25 21:18:49,70.4692,-68.5914,25.03,68,90,0.0,overcast clouds
213,Port Hawkesbury,CA,2021-10-25 21:22:11,45.6169,-61.3485,50.18,95,90,3.0,overcast clouds
214,Sena Madureira,BR,2021-10-25 21:22:12,-9.0656,-68.6569,68.5,98,100,3.69,overcast clouds
215,Benjamin Constant,BR,2021-10-25 21:22:12,-4.3831,-70.0311,78.93,83,75,13.8,heavy intensity rain
216,Racine,US,2021-10-25 21:22:13,42.7495,-88.0751,54.1,65,100,13.0,overcast clouds
217,Nelson Bay,AU,2021-10-25 21:22:13,-32.7167,152.15,67.1,74,97,1.99,overcast clouds
218,Acapulco,MX,2021-10-25 21:20:36,16.8634,-99.8901,82.22,78,90,0.0,overcast clouds
219,Salmo,CA,2021-10-25 21:22:14,49.1999,-117.2689,51.78,86,96,3.58,overcast clouds
220,Bodaybo,RU,2021-10-25 21:22:14,57.8506,114.1933,28.76,94,98,4.63,overcast clouds
221,Magadan,RU,2021-10-25 21:22:15,59.5667,150.8,24.17,75,100,5.21,overcast clouds
222,Manoel Urbano,BR,2021-10-25 21:22:15,-8.8389,-69.2597,69.08,99,100,4.54,overcast clouds
223,Severo-Kurilsk,RU,2021-10-25 21:22:15,50.6789,156.125,40.64,73,4,9.6,clear sky
224,Sijunjung,ID,2021-10-25 21:22:16,-0.6876,100.9537,71.44,98,93,0.74,overcast clouds
225,Sinazongwe,ZM,2021-10-25 21:22:16,-17.2614,27.4618,82.24,49,14,5.99,few clouds
226,San Andres,CO,2021-10-25 21:22:17,12.5847,-81.7006,87.82,74,40,5.75,scattered clouds
227,Ikom,NG,2021-10-25 21:22:17,5.9667,8.7063,76.03,96,100,3.15,light rain
228,Sulingen,DE,2021-10-25 21:22:18,52.6833,8.8,52.34,69,100,8.68,overcast clouds
229,Zaranj,AF,2021-10-25 21:22:18,30.9667,61.8833,58.96,18,0,8.21,clear sky
230,Gumdag,TM,2021-10-25 21:22:18,39.2061,54.5906,57.22,73,13,13.13,few clouds
231,Kherson,UA,2021-10-25 21:22:19,46.6558,32.6178,39.6,57,0,5.99,clear sky
232,Tilichiki,RU,2021-10-25 21:22:19,60.4667,166.1,26.53,93,100,7.2,light snow
233,Taperoa,BR,2021-10-25 21:22:20,-7.2075,-36.8267,85.03,34,2,20.69,clear sky
234,Moses Lake,US,2021-10-25 21:22:20,47.1301,-119.2781,59.36,44,1,16.11,clear sky
235,Ulaangom,MN,2021-10-25 21:22:21,49.9811,92.0667,31.01,76,14,2.01,few clouds
236,Lapi,PH,2021-10-25 21:22:21,17.716,121.8978,72.77,94,95,2.04,overcast clouds
237,Levokumka,RU,2021-10-25 21:22:21,44.2317,43.15,32.25,92,17,4.0,few clouds
238,Buala,SB,2021-10-25 21:22:22,-8.145,159.5921,82.24,76,30,6.38,light rain
239,Richards Bay,ZA,2021-10-25 21:22:22,-28.783,32.0377,63.25,95,100,1.92,moderate rain
240,Grindavik,IS,2021-10-25 21:22:23,63.8424,-22.4338,37.9,81,75,3.44,broken clouds
241,Dengzhou,CN,2021-10-25 21:22:23,37.8086,120.7508,54.52,71,14,10.58,few clouds
242,Leh,IN,2021-10-25 21:22:24,34.1667,77.5833,27.59,69,31,0.56,scattered clouds
243,Lake Havasu City,US,2021-10-25 21:22:24,34.4839,-114.3224,84.81,25,1,10.0,clear sky
244,Hasaki,JP,2021-10-25 21:22:24,35.7333,140.8333,59.4,90,100,30.22,overcast clouds
245,Sueyoshi,JP,2021-10-25 21:22:25,31.65,131.0167,47.37,91,1,3.11,clear sky
246,Chipinge,ZW,2021-10-25 21:22:26,-20.1883,32.6236,60.08,92,32,5.32,scattered clouds
247,Huilong,CN,2021-10-25 21:17:51,31.8111,121.655,64.99,69,77,2.35,broken clouds
248,Kota Bahru,MY,2021-10-25 21:22:26,6.1333,102.2386,76.95,94,20,4.61,few clouds
249,Bastia,FR,2021-10-25 21:22:27,42.6667,9.3333,59.31,62,0,1.99,clear sky
250,Baoqing,CN,2021-10-25 21:22:27,46.3317,132.2111,41.79,61,18,6.51,few clouds
251,Chara,RU,2021-10-25 21:22:27,56.9064,118.2631,26.8,73,27,3.4,scattered clouds
252,San Cristobal,VE,2021-10-25 21:22:28,7.7669,-72.225,78.98,83,85,2.86,overcast clouds
253,Bandarbeyla,SO,2021-10-25 21:22:28,9.4942,50.8122,77.18,78,27,2.62,scattered clouds
254,Tutoia,BR,2021-10-25 21:22:29,-2.7619,-42.2744,81.03,76,1,15.73,clear sky
255,Nong Phai,TH,2021-10-25 21:22:29,15.9903,101.0618,70.03,91,52,3.74,broken clouds
256,Sitka,US,2021-10-25 21:22:30,57.0531,-135.33,46.29,71,75,4.61,broken clouds
257,Cap-Haitien,HT,2021-10-25 21:22:30,19.7578,-72.2042,82.6,77,12,9.51,few clouds
258,Manicore,BR,2021-10-25 21:22:31,-5.8092,-61.3003,89.76,55,100,1.25,light rain
259,Alihe,CN,2021-10-25 21:22:31,50.5667,123.7167,33.73,83,100,3.49,overcast clouds
260,Saint-Andre,RE,2021-10-25 21:22:32,-20.95,55.65,72.84,68,0,10.36,clear sky
261,Victoria,HK,2021-10-25 21:20:09,22.2855,114.1577,75.33,76,100,1.99,overcast clouds
262,Cherskiy,RU,2021-10-25 21:22:33,68.75,161.3,-11.79,96,99,1.83,overcast clouds
263,Kavaratti,IN,2021-10-25 21:22:33,10.5669,72.642,82.06,75,29,14.52,scattered clouds
264,Paamiut,GL,2021-10-25 21:20:07,61.994,-49.6678,37.29,57,38,13.58,scattered clouds
265,Ixtapa,MX,2021-10-25 21:22:34,20.7,-105.2,84.22,70,90,9.22,overcast clouds
266,Liverpool,GB,2021-10-25 21:17:43,53.4106,-2.9779,49.82,85,0,1.99,clear sky
267,Cobija,BO,2021-10-25 21:22:34,-11.0267,-68.7692,78.98,69,75,9.22,broken clouds
268,Ucluelet,CA,2021-10-25 21:19:40,48.9329,-125.5528,53.1,91,100,1.99,overcast clouds
269,Ust-Tsilma,RU,2021-10-25 21:22:35,65.441,52.1498,14.83,99,84,2.93,broken clouds
270,High Level,CA,2021-10-25 21:22:35,58.5169,-117.136,41.11,93,90,12.66,overcast clouds
271,Evanston,US,2021-10-25 21:22:04,42.0411,-87.6901,54.18,70,75,8.99,broken clouds
272,Ishigaki,JP,2021-10-25 21:22:36,24.3448,124.1572,75.33,78,75,18.41,broken clouds
273,Rongcheng,CN,2021-10-25 21:22:37,30.634,117.8517,53.87,88,0,2.89,light rain
274,Solnechnyy,RU,2021-10-25 21:22:37,50.7214,136.6319,33.58,79,10,4.29,clear sky
275,Sisimiut,GL,2021-10-25 21:22:38,66.9395,-53.6735,17.04,71,1,12.39,clear sky
276,Santa Ana,US,2021-10-25 21:22:15,33.7456,-117.8678,67.06,91,90,4.0,light rain
277,Hovd,MN,2021-10-25 21:22:38,48.0056,91.6419,33.03,52,9,0.85,clear sky
278,Barcelona,ES,2021-10-25 21:20:12,41.3888,2.159,64.33,88,20,4.61,few clouds
279,Leeton,AU,2021-10-25 21:22:39,-34.5667,146.4,51.89,51,0,1.5,clear sky
280,Niamey,NE,2021-10-25 21:22:39,13.5137,2.1098,89.89,19,19,2.3,few clouds
281,Aranda De Duero,ES,2021-10-25 21:22:40,41.6704,-3.6892,51.12,71,97,3.4,overcast clouds
282,Ormara,PK,2021-10-25 21:22:40,25.2088,64.6357,77.47,51,0,7.23,clear sky
283,Kenai,US,2021-10-25 21:22:05,60.5544,-151.2583,42.15,88,1,8.05,clear sky
284,Hailar,CN,2021-10-25 21:22:41,49.2,119.7,31.8,89,44,10.27,scattered clouds
285,Myitkyina,MM,2021-10-25 21:22:41,25.3833,97.4,67.8,80,22,2.24,few clouds
286,Lulea,SE,2021-10-25 21:22:42,65.5842,22.1547,32.07,100,90,2.3,overcast clouds
287,Prachuap Khiri Khan,TH,2021-10-25 21:22:42,12.2167,99.75,70.21,95,95,3.15,overcast clouds
288,Shirokiy,RU,2021-10-25 21:22:43,49.758,129.523,35.56,87,19,5.3,few clouds
289,Nemuro,JP,2021-10-25 21:22:43,43.3236,145.575,52.92,84,100,8.37,overcast clouds
290,Sao Filipe,CV,2021-10-25 21:22:44,14.8961,-24.4956,79.09,74,30,9.31,scattered clouds
291,Rundu,NA,2021-10-25 21:22:44,-17.9333,19.7667,75.74,56,100,2.55,overcast clouds
292,Plunge,LT,2021-10-25 21:22:44,55.9114,21.8442,48.79,78,100,10.13,overcast clouds
293,Hirara,JP,2021-10-25 21:22:45,24.8,125.2833,76.14,64,100,18.72,overcast clouds
294,Kapoeta,SS,2021-10-25 21:22:45,4.7717,33.5903,86.0,37,100,16.73,overcast clouds
295,Orange,US,2021-10-25 21:18:01,33.7,-117.7675,67.3,92,90,3.0,moderate rain
296,Kaeo,NZ,2021-10-25 21:22:46,-35.1,173.7833,65.32,91,28,2.89,scattered clouds
297,Aliwal North,ZA,2021-10-25 21:22:47,-30.6937,26.7114,54.36,82,19,2.57,few clouds
298,Santa Rosa,PH,2021-10-25 21:22:47,14.3122,121.1114,77.86,78,74,7.94,broken clouds
299,Kendal,GB,2021-10-25 21:22:47,54.3268,-2.7476,49.59,91,54,5.17,broken clouds
300,Urengoy,RU,2021-10-25 21:22:48,65.9667,78.3667,17.94,94,41,7.43,scattered clouds
301,Killarney,IE,2021-10-25 21:22:48,52.05,-9.5167,47.84,94,99,5.84,overcast clouds
302,Hambantota,LK,2021-10-25 21:20:45,6.1241,81.1185,78.73,85,99,11.3,heavy intensity rain
303,Bayir,TR,2021-10-25 21:22:49,37.2687,28.2167,52.32,61,45,3.4,scattered clouds
304,Namatanai,PG,2021-10-25 21:22:50,-3.6667,152.4333,80.65,77,82,3.83,broken clouds
305,Canico,PT,2021-10-25 21:22:50,32.6333,-16.85,70.72,85,75,13.8,broken clouds
306,Beian,NO,2021-10-25 21:22:50,63.6559,9.5683,50.0,93,40,4.61,scattered clouds
307,Zhytomyr,UA,2021-10-25 21:22:51,50.2649,28.6767,35.28,55,6,7.72,clear sky
308,Bolgar,RU,2021-10-25 21:22:51,54.95,49.0667,30.11,71,55,10.04,broken clouds
309,Hervey Bay,AU,2021-10-25 21:22:52,-25.2986,152.8535,74.03,85,100,9.62,overcast clouds
310,Marsaxlokk,MT,2021-10-25 21:22:52,35.8419,14.5431,65.01,94,75,13.8,thunderstorm with rain
311,Karlstad,SE,2021-10-25 21:22:53,59.3793,13.5036,50.56,93,90,9.22,overcast clouds
312,Broken Hill,AU,2021-10-25 21:22:53,-31.95,141.4333,57.33,26,0,8.66,clear sky
313,Irtyshskiy,RU,2021-10-25 21:22:54,58.3333,68.1333,35.92,98,100,5.84,overcast clouds
314,Ahipara,NZ,2021-10-25 21:22:54,-35.1667,173.1667,66.45,65,13,3.38,few clouds
315,Lakatoro,VU,2021-10-25 21:22:54,-16.0999,167.4164,80.55,75,8,8.28,clear sky
316,Comodoro Rivadavia,AR,2021-10-25 21:22:55,-45.8667,-67.5,60.66,29,0,33.38,clear sky
317,Laramie,US,2021-10-25 21:20:39,41.3114,-105.5911,73.26,21,1,11.01,clear sky
318,Puerto Escondido,MX,2021-10-25 21:22:55,15.85,-97.0667,86.83,54,40,8.05,scattered clouds
319,Mwanza,TZ,2021-10-25 21:22:56,-2.5167,32.9,75.79,64,99,0.69,overcast clouds
320,Tessalit,ML,2021-10-25 21:22:56,20.1986,1.0114,88.74,17,85,7.54,overcast clouds
321,Baykit,RU,2021-10-25 21:22:57,61.67,96.37,29.52,89,100,6.8,overcast clouds
322,Diego De Almagro,CL,2021-10-25 21:22:57,-26.3667,-70.05,76.15,20,0,8.66,clear sky
323,Masvingo,ZW,2021-10-25 21:22:58,-20.0637,30.8277,60.76,88,79,9.26,broken clouds
324,Port Hedland,AU,2021-10-25 21:22:58,-20.3167,118.5667,73.45,88,0,9.22,clear sky
325,Yumen,CN,2021-10-25 21:22:58,40.2833,97.2,37.2,54,23,2.08,few clouds
326,Batagay-Alyta,RU,2021-10-25 21:22:59,67.8006,130.4114,2.93,90,100,2.82,overcast clouds
327,Evensk,RU,2021-10-25 21:22:59,61.95,159.2333,11.77,84,78,7.0,broken clouds
328,Port-Gentil,GA,2021-10-25 21:23:00,-0.7193,8.7815,76.96,94,75,3.44,heavy intensity rain
329,Broome,US,2021-10-25 21:23:01,42.2506,-75.833,69.85,66,1,3.0,clear sky
330,Worland,US,2021-10-25 21:23:01,44.0169,-107.9554,74.55,31,1,20.0,clear sky
331,San Policarpo,PH,2021-10-25 21:23:02,12.1791,125.5072,79.95,83,99,9.6,moderate rain
332,Slave Lake,CA,2021-10-25 21:19:25,55.2834,-114.769,40.98,100,90,6.91,overcast clouds
333,Ketchikan,US,2021-10-25 21:21:44,55.3422,-131.6461,48.67,76,90,4.61,overcast clouds
334,Sao Joao Da Barra,BR,2021-10-25 21:23:03,-21.6403,-41.0511,71.69,84,100,11.52,overcast clouds
335,Toamasina,MG,2021-10-25 21:23:04,-18.1667,49.3833,75.2,83,40,2.3,scattered clouds
336,Portland,US,2021-10-25 21:19:06,45.5234,-122.6762,55.44,84,90,3.0,light rain
337,Port Augusta,AU,2021-10-25 21:23:04,-32.5,137.7667,55.54,31,3,6.13,clear sky
338,Taltal,CL,2021-10-25 21:23:05,-25.4,-70.4833,63.43,68,23,3.36,few clouds
339,Manado,ID,2021-10-25 21:23:05,1.487,124.8455,74.17,94,20,1.14,few clouds
340,Hokitika,NZ,2021-10-25 21:23:06,-42.7167,170.9667,56.12,91,100,3.98,overcast clouds
341,Mackay,AU,2021-10-25 21:23:06,-21.15,149.2,75.69,70,91,8.5,overcast clouds
342,Galle,LK,2021-10-25 21:23:07,6.0367,80.217,79.11,83,92,10.6,moderate rain
343,Barreirinhas,BR,2021-10-25 21:23:07,-2.7469,-42.8264,80.91,74,4,13.71,clear sky
344,Katubao,PH,2021-10-25 21:23:08,5.8892,124.8294,79.52,82,100,4.65,light rain
345,Marsh Harbour,BS,2021-10-25 21:23:08,26.5412,-77.0636,79.92,81,100,11.83,overcast clouds
346,Carlagan,PH,2021-10-25 21:23:08,14.975,122.0456,79.45,81,78,12.15,broken clouds
347,Awjilah,LY,2021-10-25 21:23:09,29.1081,21.2869,77.18,30,21,12.24,few clouds
348,Port Macquarie,AU,2021-10-25 21:22:54,-31.4333,152.9167,64.36,80,50,8.52,scattered clouds
349,Hammerfest,NO,2021-10-25 21:21:29,70.6634,23.6821,27.05,86,75,6.91,broken clouds
350,Darhan,MN,2021-10-25 21:23:10,49.4867,105.9228,33.48,77,9,8.23,clear sky
351,Teeli,RU,2021-10-25 21:23:10,51.0333,90.2333,33.01,68,87,1.3,overcast clouds
352,Faanui,PF,2021-10-25 21:23:11,-16.4833,-151.75,78.22,80,96,5.61,moderate rain
353,Port Blair,IN,2021-10-25 21:23:11,11.6667,92.75,80.33,82,92,6.98,overcast clouds
354,Salvador,SV,2021-10-25 21:23:12,13.8333,-88.9167,82.44,79,41,4.43,scattered clouds
355,Coahuayana,MX,2021-10-25 21:23:12,18.7333,-103.6833,90.88,63,100,3.18,overcast clouds
356,Tolosa,FR,2021-10-25 21:23:13,43.6043,1.4437,60.33,75,0,4.61,clear sky
357,Pisco,PE,2021-10-25 21:23:13,-13.7,-76.2167,66.25,68,11,20.71,smoke
358,Agua Verde,MX,2021-10-25 21:23:14,22.9,-106.05,89.69,74,8,10.33,clear sky
359,Hobyo,SO,2021-10-25 21:18:19,5.3505,48.5268,79.92,74,39,11.23,scattered clouds
360,Maceio,BR,2021-10-25 21:22:14,-9.6658,-35.7353,80.04,83,20,9.22,few clouds
361,Benguela,AO,2021-10-25 21:22:21,-12.5763,13.4055,74.61,71,53,6.11,broken clouds
362,Castilho,BR,2021-10-25 21:23:15,-20.8722,-51.4875,77.02,70,47,2.46,scattered clouds
363,Whitehorse,CA,2021-10-25 21:23:15,60.7161,-135.0538,29.01,93,75,4.61,broken clouds
364,Provost,CA,2021-10-25 21:23:16,52.3501,-110.2683,56.62,41,100,19.06,overcast clouds
365,Don Benito,ES,2021-10-25 21:23:16,38.9563,-5.8616,62.92,44,100,2.77,overcast clouds
366,Bokoro,TD,2021-10-25 21:23:17,12.3807,17.0568,89.04,25,4,3.65,clear sky
367,Tanda,IN,2021-10-25 21:23:17,26.55,82.65,69.78,73,0,4.83,clear sky
368,Kavieng,PG,2021-10-25 21:23:13,-2.5744,150.7967,81.99,72,98,3.38,overcast clouds
369,Deputatskiy,RU,2021-10-25 21:23:18,69.3,139.9,-2.63,99,99,0.94,overcast clouds
370,Vila Velha,BR,2021-10-25 21:23:18,-20.3297,-40.2925,75.15,78,40,10.36,scattered clouds
371,Tual,ID,2021-10-25 21:23:19,-5.6667,132.75,83.01,75,31,7.63,scattered clouds
372,Gamba,GA,2021-10-25 21:23:19,-2.65,10.0,76.35,90,100,8.97,light rain
373,Waingapu,ID,2021-10-25 21:23:20,-9.6567,120.2641,79.09,82,72,3.11,broken clouds
374,Moyobamba,PE,2021-10-25 21:23:20,-6.05,-76.9667,76.46,91,97,1.3,moderate rain
375,Tevaitoa,PF,2021-10-25 21:23:21,-16.7833,-151.5,77.77,79,98,2.24,moderate rain
376,Port Said,EG,2021-10-25 21:23:21,31.2565,32.2841,71.58,68,0,8.05,clear sky
377,Dinar,TR,2021-10-25 21:23:21,38.065,30.1656,51.58,72,4,5.66,clear sky
378,Santo Antonio Do Ica,BR,2021-10-25 21:23:22,-3.1022,-67.9397,81.72,81,100,4.25,overcast clouds
379,Ihosy,MG,2021-10-25 21:23:22,-22.4,46.1167,70.05,81,64,7.52,broken clouds
380,Dingli,MT,2021-10-25 21:23:23,35.8614,14.3822,62.76,94,75,13.8,thunderstorm with rain
381,Urucara,BR,2021-10-25 21:23:23,-2.5364,-57.76,86.5,58,89,4.16,overcast clouds
382,Verkhnevilyuysk,RU,2021-10-25 21:23:24,63.4453,120.3167,31.5,89,100,9.17,overcast clouds
383,Businga,CD,2021-10-25 21:23:24,3.3333,20.8833,71.83,92,69,1.03,broken clouds
384,Dudinka,RU,2021-10-25 21:23:25,69.4058,86.1778,14.13,95,99,11.1,overcast clouds
385,Korla,CN,2021-10-25 21:18:38,41.7597,86.1469,47.1,43,0,2.06,clear sky
386,Mehamn,NO,2021-10-25 21:23:26,71.0357,27.8492,28.31,87,77,21.7,light snow
387,Ho Chi Minh City,VN,2021-10-25 21:23:26,10.75,106.6667,77.02,88,40,4.61,scattered clouds
388,Hampton,US,2021-10-25 21:19:15,37.0299,-76.3452,75.4,82,20,9.22,few clouds
389,Constitucion,CL,2021-10-25 21:23:27,-35.3333,-72.4167,64.26,63,78,20.07,broken clouds
390,Pandhurna,IN,2021-10-25 21:23:27,21.6,78.5167,69.76,55,50,4.47,scattered clouds
391,Aklavik,CA,2021-10-25 21:23:27,68.2191,-135.0107,25.63,94,100,0.54,overcast clouds
392,Benito Juarez,MX,2021-10-25 21:22:35,19.385,-99.165,73.22,40,90,4.0,smoke
393,Saskylakh,RU,2021-10-25 21:23:28,71.9167,114.0833,-2.96,97,100,2.62,overcast clouds
394,Olafsvik,IS,2021-10-25 21:23:29,64.8945,-23.7142,35.01,68,76,7.05,broken clouds
395,Port Hardy,CA,2021-10-25 21:17:42,50.6996,-127.4199,53.6,76,75,21.85,broken clouds
396,Terrace,CA,2021-10-25 21:23:29,54.5163,-128.6035,49.91,76,75,3.44,broken clouds
397,Dawei,MM,2021-10-25 21:23:30,14.0833,98.2,73.31,89,91,4.68,overcast clouds
398,Bambanglipuro,ID,2021-10-25 21:23:30,-7.95,110.2833,78.28,77,94,3.94,overcast clouds
399,San Patricio,US,2021-10-25 21:23:31,28.017,-97.5169,93.29,54,95,11.1,overcast clouds
400,Hornepayne,CA,2021-10-25 21:23:31,49.2138,-84.7705,39.15,75,85,7.47,overcast clouds
401,The Valley,AI,2021-10-25 21:23:31,18.217,-63.0578,84.34,70,20,13.8,few clouds
402,Kutum,SD,2021-10-25 21:23:32,14.2,24.6667,74.71,21,53,8.39,broken clouds
403,Berbera,SO,2021-10-25 21:23:32,10.4396,45.0143,83.64,60,60,4.41,broken clouds
404,Payakumbuh,ID,2021-10-25 21:23:33,-0.2202,100.6308,68.7,97,98,2.73,overcast clouds
405,Matay,EG,2021-10-25 21:23:33,28.419,30.7792,70.99,53,0,14.54,clear sky
406,Mazagao,BR,2021-10-25 21:23:34,-0.115,-51.2894,87.85,64,46,5.1,scattered clouds
407,Artigas,UY,2021-10-25 21:23:34,-30.4,-56.4667,76.64,54,0,7.67,clear sky
408,Marzuq,YE,2021-10-25 21:23:34,14.4,46.4667,71.15,59,15,2.8,few clouds
409,Kumphawapi,TH,2021-10-25 21:23:35,17.1087,103.0149,69.01,84,64,2.48,broken clouds
410,Vao,NC,2021-10-25 21:23:35,-22.6667,167.4833,71.44,71,48,10.94,scattered clouds
411,Asfi,MA,2021-10-25 21:23:36,32.2994,-9.2372,66.85,88,37,10.83,scattered clouds
412,Husavik,IS,2021-10-25 21:23:36,66.0449,-17.3389,31.91,79,90,6.89,overcast clouds
413,Padang,ID,2021-10-25 21:23:37,-0.9492,100.3543,76.78,87,96,1.79,overcast clouds
414,Chengde,CN,2021-10-25 21:23:37,40.9725,117.9361,46.6,77,68,3.29,broken clouds
415,Chon Daen,TH,2021-10-25 21:23:38,16.1895,100.8596,70.65,93,59,3.42,light rain
416,Kinston,US,2021-10-25 21:19:07,35.2627,-77.5816,75.52,78,75,5.75,broken clouds
417,Selishche,RU,2021-10-25 21:23:38,56.8879,33.2691,34.59,87,34,10.02,scattered clouds
418,Halvad,IN,2021-10-25 21:23:39,23.0167,71.1833,77.92,61,6,4.32,clear sky
419,Namibe,AO,2021-10-25 21:19:07,-15.1961,12.1522,63.88,84,9,6.98,clear sky
420,Siteki,SZ,2021-10-25 21:22:33,-26.45,31.95,55.78,96,100,5.1,moderate rain
421,Rawah,IQ,2021-10-25 21:23:40,34.4816,41.9093,69.24,34,2,8.1,clear sky
422,Jiuquan,CN,2021-10-25 21:23:40,39.7432,98.5174,44.46,55,100,8.37,overcast clouds
423,Roma,US,2021-10-25 21:20:03,43.2128,-75.4557,63.39,90,90,9.22,overcast clouds
424,Maniitsoq,GL,2021-10-25 21:23:41,65.4167,-52.9,29.97,45,0,9.01,clear sky
425,Hay River,CA,2021-10-25 21:23:42,60.8156,-115.7999,42.78,81,90,8.05,overcast clouds
426,Kristiinankaupunki,FI,2021-10-25 21:23:42,62.2743,21.376,45.97,91,100,15.01,overcast clouds
427,Gewane,ET,2021-10-25 21:23:42,10.1664,40.6453,81.9,36,5,8.77,clear sky
428,Caravelas,BR,2021-10-25 21:23:43,-17.7125,-39.2481,75.22,94,100,3.38,overcast clouds
429,Arlit,NE,2021-10-25 21:23:43,18.7369,7.3853,85.96,12,0,3.49,clear sky
430,Sur,OM,2021-10-25 21:23:44,22.5667,59.5289,80.87,65,0,7.34,clear sky
431,Saint-Francois,FR,2021-10-25 21:23:44,46.4154,3.9054,52.48,98,90,3.44,overcast clouds
432,Tazovskiy,RU,2021-10-25 21:23:45,67.4667,78.7,15.78,91,37,9.66,scattered clouds
433,Irbeyskoye,RU,2021-10-25 21:23:45,55.6428,95.4522,47.66,60,99,17.4,overcast clouds
434,Chimbote,PE,2021-10-25 21:23:46,-9.0853,-78.5783,66.87,73,43,10.92,scattered clouds
435,Ternate,ID,2021-10-25 21:23:46,0.8,127.4,80.58,81,40,4.88,scattered clouds
436,Dawlatabad,AF,2021-10-25 21:23:47,36.4141,64.9053,58.78,27,88,5.55,overcast clouds
437,Salalah,OM,2021-10-25 21:23:47,17.0151,54.0924,75.29,73,20,2.3,few clouds
438,Warrington,GB,2021-10-25 21:23:48,53.3925,-2.5802,49.98,90,0,1.99,clear sky
439,Anito,PH,2021-10-25 21:23:18,12.4497,125.2886,78.66,87,87,8.52,overcast clouds
440,Henties Bay,NA,2021-10-25 21:23:48,-22.116,14.2845,58.86,90,0,0.18,clear sky
441,Vengerovo,RU,2021-10-25 21:23:49,55.6848,76.7471,43.47,81,100,8.39,light rain
442,Polis,CY,2021-10-25 21:23:49,35.0367,32.4264,64.22,61,35,4.09,scattered clouds
443,Tuatapere,NZ,2021-10-25 21:23:50,-46.1333,167.6833,56.57,94,81,1.92,broken clouds
444,Paka,MY,2021-10-25 21:23:50,4.6374,103.4368,76.93,94,39,0.0,scattered clouds
445,Ontario,US,2021-10-25 21:23:01,34.0633,-117.6509,64.89,89,90,3.0,moderate rain
446,Orlik,RU,2021-10-25 21:23:51,52.5178,99.825,26.8,75,31,3.6,scattered clouds
447,Maralal,KE,2021-10-25 21:23:51,1.0968,36.698,61.56,77,82,10.2,broken clouds
448,Aswan,EG,2021-10-25 21:23:52,24.0934,32.907,76.3,29,0,10.36,clear sky
449,Rudbar,AF,2021-10-25 21:23:52,30.15,62.6,65.86,18,0,5.17,clear sky
450,Koslan,RU,2021-10-25 21:23:53,63.4564,48.8989,28.27,89,100,1.81,overcast clouds
451,Stephenville,US,2021-10-25 21:23:53,32.2207,-98.2023,89.67,51,1,3.44,clear sky
452,Klaipeda,LT,2021-10-25 21:23:54,55.7172,21.1175,50.05,70,100,17.85,overcast clouds
453,Soe,ID,2021-10-25 21:23:54,-9.8607,124.284,65.75,92,73,3.29,broken clouds
454,Juneau,US,2021-10-25 21:23:02,58.3019,-134.4197,43.84,91,90,0.0,overcast clouds
455,Pitimbu,BR,2021-10-25 21:23:55,-7.4706,-34.8086,81.19,68,41,15.28,scattered clouds
456,Pitea,SE,2021-10-25 21:23:55,65.3172,21.4794,32.09,99,100,2.35,overcast clouds
457,Kyzyl-Suu,KG,2021-10-25 21:23:56,42.3414,78.0056,36.79,39,0,8.57,clear sky
458,Santiago Del Estero,AR,2021-10-25 21:23:56,-27.7951,-64.2615,93.81,8,0,12.41,clear sky
459,Farsund,NO,2021-10-25 21:23:57,58.0948,6.8047,52.95,80,61,11.43,broken clouds
460,Sovetskiy,RU,2021-10-25 21:19:12,61.3614,63.5842,26.26,83,34,8.1,scattered clouds
461,Athabasca,CA,2021-10-25 21:23:57,54.7169,-113.2854,46.22,60,90,7.43,overcast clouds
462,Bilma,NE,2021-10-25 21:23:58,18.6853,12.9164,82.85,15,0,4.14,clear sky
463,Wahpeton,US,2021-10-25 21:22:20,46.2652,-96.6059,51.82,46,1,13.8,clear sky
464,Bartica,GY,2021-10-25 21:23:59,6.4,-58.6167,82.72,94,99,3.65,overcast clouds
465,Togur,RU,2021-10-25 21:23:59,58.3631,82.8265,35.26,78,100,1.52,overcast clouds
466,Suvorovo,BG,2021-10-25 21:23:59,43.3333,27.6,39.9,77,0,4.03,clear sky
467,Ayapel,CO,2021-10-25 21:24:00,8.3137,-75.1398,85.6,77,99,3.94,overcast clouds
468,Djambala,CG,2021-10-25 21:24:00,-2.5447,14.7533,69.21,92,100,3.94,overcast clouds
469,Dauphin,CA,2021-10-25 21:24:01,51.1494,-100.0502,50.14,57,20,20.71,few clouds
470,Lima,PE,2021-10-25 21:19:27,-12.0432,-77.0282,61.14,72,75,9.22,broken clouds
471,Ipixuna,BR,2021-10-25 21:24:02,-1.7625,-48.8043,78.75,84,34,3.76,scattered clouds
472,Syracuse,IT,2021-10-25 21:24:03,37.0881,15.2792,68.05,85,90,22.28,overcast clouds
473,Yar-Sale,RU,2021-10-25 21:24:03,66.8333,70.8333,19.11,90,97,5.66,overcast clouds
474,Belyy Yar,RU,2021-10-25 21:24:04,53.6039,91.3903,46.29,66,0,8.95,clear sky
475,Redcar,GB,2021-10-25 21:24:04,54.6166,-1.06,50.52,80,54,8.01,broken clouds
476,Bairnsdale,AU,2021-10-25 21:24:05,-37.8333,147.6167,55.06,79,21,2.8,few clouds
477,Darnah,LY,2021-10-25 21:24:05,32.767,22.6367,70.23,86,71,23.62,broken clouds
478,Santa Marta,CO,2021-10-25 21:24:05,11.2408,-74.199,85.26,72,26,11.3,scattered clouds
479,Boyolangu,ID,2021-10-25 21:24:06,-8.1181,111.8935,75.49,82,57,2.3,broken clouds
480,Omsukchan,RU,2021-10-25 21:24:06,62.5333,155.8,-1.53,100,44,3.49,scattered clouds
481,Horki,BY,2021-10-25 21:24:07,54.2861,30.9842,34.77,74,91,11.39,overcast clouds
482,Akyab,MM,2021-10-25 21:24:07,20.15,92.9,76.75,84,34,4.7,scattered clouds
483,Mwinilunga,ZM,2021-10-25 21:24:08,-11.7358,24.4293,63.64,94,97,3.96,overcast clouds
484,Vila Franca Do Campo,PT,2021-10-25 21:24:08,37.7167,-25.4333,66.61,76,38,4.54,scattered clouds
485,Nouadhibou,MR,2021-10-25 21:24:08,20.931,-17.0347,71.58,73,100,11.5,overcast clouds
486,Sinnamary,GF,2021-10-25 21:24:09,5.3833,-52.95,78.13,88,100,11.12,heavy intensity rain
487,Cordoba,AR,2021-10-25 21:24:03,-31.4135,-64.1811,99.43,11,0,5.01,clear sky
488,Praia Da Vitoria,PT,2021-10-25 21:24:10,38.7333,-27.0667,68.76,77,40,11.92,scattered clouds
489,Sao Pedro Do Sul,BR,2021-10-25 21:24:10,-29.6206,-54.1789,81.25,63,0,3.74,clear sky
490,Parrita,CR,2021-10-25 21:24:11,9.5201,-84.3225,85.51,83,78,3.87,broken clouds
491,Belaya Gora,RU,2021-10-25 21:24:11,68.5333,146.4167,-8.01,99,86,1.95,overcast clouds
492,Jacareacanga,BR,2021-10-25 21:24:12,-6.2222,-57.7528,90.23,51,85,1.41,overcast clouds
493,Limbang,MY,2021-10-25 21:24:12,4.75,115.0,77.11,98,85,2.01,overcast clouds
494,Svetlaya,RU,2021-10-25 21:24:13,46.5389,138.3297,44.28,61,0,6.06,clear sky
495,Bubaque,GW,2021-10-25 21:24:13,11.2833,-15.8333,83.1,74,86,6.38,overcast clouds
496,Luanda,AO,2021-10-25 21:24:14,-8.8368,13.2343,76.48,75,100,9.51,overcast clouds
497,Rocha,UY,2021-10-25 21:24:14,-34.4833,-54.3333,67.14,65,0,6.49,clear sky
498,Glebychevo,RU,2021-10-25 21:24:14,60.4387,28.7183,46.8,83,100,20.83,overcast clouds
499,Charapan,MX,2021-10-25 21:24:15,19.6667,-102.2333,50.59,99,100,3.31,overcast clouds
500,Yenagoa,NG,2021-10-25 21:24:15,4.9247,6.2642,75.9,93,99,3.76,overcast clouds
501,Mosetse,BW,2021-10-25 21:24:16,-20.75,26.65,63.97,74,45,18.34,light rain
502,Picton,AU,2021-10-25 21:24:16,-34.1833,150.6,60.42,74,7,1.52,clear sky
503,Itoman,JP,2021-10-25 21:24:17,26.1247,127.6694,71.62,70,20,10.36,few clouds
504,Alyangula,AU,2021-10-25 21:24:17,-13.8483,136.4192,73.27,100,90,3.44,overcast clouds
505,Biltine,TD,2021-10-25 21:24:17,14.5333,20.9167,85.46,19,9,8.48,clear sky
506,Mikhaylovskaya,RU,2021-10-25 21:24:18,44.9947,40.5964,40.28,84,49,5.66,scattered clouds
507,Mosquera,CO,2021-10-25 21:24:18,4.7059,-74.2302,59.09,94,75,8.05,broken clouds
508,Cap-Aux-Meules,CA,2021-10-25 21:24:19,47.3821,-61.8597,46.45,71,75,13.8,broken clouds
509,Shenjiamen,CN,2021-10-25 21:24:19,29.9576,122.298,64.13,65,71,4.0,broken clouds
510,Ngunguru,NZ,2021-10-25 21:24:20,-35.6167,174.5,65.16,82,100,2.44,overcast clouds
511,Pierre,US,2021-10-25 21:24:20,44.3683,-100.351,53.06,63,75,4.0,broken clouds
512,Marawi,PH,2021-10-25 21:24:21,7.9986,124.2928,66.65,91,100,1.77,overcast clouds
513,Turochak,RU,2021-10-25 21:24:21,52.2576,87.1224,39.87,79,23,2.08,few clouds
514,Fantino,DO,2021-10-25 21:24:22,19.1215,-70.2997,90.91,69,31,7.58,scattered clouds
515,Kalmunai,LK,2021-10-25 21:20:59,7.4167,81.8167,78.66,83,97,4.9,overcast clouds
516,Tateyama,JP,2021-10-25 21:24:22,34.9833,139.8667,56.1,91,100,35.14,overcast clouds
517,Guia De Isora,ES,2021-10-25 21:24:23,28.2115,-16.7795,67.12,71,27,7.7,scattered clouds
518,Yarmouth,US,2021-10-25 21:24:23,41.7057,-70.2286,68.34,93,20,1.01,few clouds
519,Torbay,CA,2021-10-25 21:24:24,47.6666,-52.7314,41.58,74,90,14.97,overcast clouds
520,Panuco,MX,2021-10-25 21:24:24,22.05,-98.1667,85.03,62,100,3.51,overcast clouds
521,Kununurra,AU,2021-10-25 21:24:25,-15.7667,128.7333,76.98,83,85,0.0,overcast clouds
522,Lasa,IT,2021-10-25 21:24:25,46.6166,10.7002,41.88,47,99,0.4,overcast clouds
523,Senanga,ZM,2021-10-25 21:24:25,-16.1167,23.2667,76.42,49,74,5.5,broken clouds
524,Camacha,PT,2021-10-25 21:24:26,33.0833,-16.3333,66.96,68,75,12.66,broken clouds
525,Monrovia,LR,2021-10-25 21:24:26,6.3005,-10.7969,78.57,87,100,7.52,moderate rain
526,Troitskoye,RU,2021-10-25 21:24:27,52.9821,84.6757,40.91,61,75,5.46,broken clouds
527,Saint-Joseph,RE,2021-10-25 21:24:27,-21.3667,55.6167,71.98,79,25,11.97,scattered clouds
528,Wencheng,CN,2021-10-25 21:24:28,33.0559,113.7978,54.68,71,34,2.48,light rain
529,Tianpeng,CN,2021-10-25 21:24:28,30.9866,103.9393,55.87,93,100,3.36,overcast clouds
530,Tamale,GH,2021-10-25 21:24:29,9.4008,-0.8393,81.77,66,51,5.48,broken clouds
531,Yoichi,JP,2021-10-25 21:24:29,43.2039,140.7703,45.23,75,100,4.63,overcast clouds
532,Jiayuguan,CN,2021-10-25 21:24:29,39.8167,98.3,42.01,59,100,5.57,light rain
533,Chokwe,MZ,2021-10-25 21:24:30,-24.5333,32.9833,65.17,92,98,6.11,overcast clouds
534,Rosa Zarate,EC,2021-10-25 21:24:30,0.3333,-79.4667,80.01,80,93,4.47,moderate rain
535,Mareeba,AU,2021-10-25 21:24:31,-17.0,145.4333,72.32,95,60,2.62,broken clouds
536,Ciudad Guayana,VE,2021-10-25 21:24:31,8.3533,-62.6528,74.21,95,100,7.56,overcast clouds
537,Khirkiya,IN,2021-10-25 21:24:32,22.1674,76.8605,68.65,66,0,0.94,clear sky
538,Iwanai,JP,2021-10-25 21:24:32,42.9744,140.5089,47.26,90,100,5.61,overcast clouds
539,Porto Novo,BJ,2021-10-25 21:24:33,6.4965,2.6036,80.42,87,92,6.71,overcast clouds
540,North Platte,US,2021-10-25 21:23:35,41.1239,-100.7654,49.89,71,1,12.66,clear sky
541,Rorvik,NO,2021-10-25 21:22:37,64.8621,11.2373,48.42,86,100,15.9,overcast clouds
542,Katsuura,JP,2021-10-25 21:24:33,35.1333,140.3,56.19,93,100,27.89,overcast clouds
543,Skibotn,NO,2021-10-25 21:24:34,69.3913,20.2679,28.47,88,100,8.75,overcast clouds
544,Chitradurga,IN,2021-10-25 21:24:34,14.2333,76.4,71.8,75,50,6.4,scattered clouds
545,Olavarria,AR,2021-10-25 21:24:35,-36.8927,-60.3225,78.03,37,54,7.2,broken clouds
546,Kupang,ID,2021-10-25 21:24:35,-10.1667,123.5833,77.58,83,20,3.44,few clouds
547,Honningsvag,NO,2021-10-25 21:24:36,70.9821,25.9704,34.45,75,86,21.68,overcast clouds
548,Jieshi,CN,2021-10-25 21:24:36,22.8134,115.8257,70.95,74,100,13.94,overcast clouds
549,Urumqi,CN,2021-10-25 21:24:37,43.801,87.6005,34.75,56,0,4.47,clear sky
550,Merauke,ID,2021-10-25 21:24:37,-8.4667,140.3333,78.33,88,95,8.66,overcast clouds
551,Birnin Kebbi,NG,2021-10-25 21:24:37,12.4539,4.1975,83.7,24,27,6.33,scattered clouds
552,Faya,SA,2021-10-25 21:24:38,18.3851,42.4509,59.11,74,1,2.19,clear sky
553,Great Yarmouth,GB,2021-10-25 21:24:38,52.6083,1.7305,50.23,83,96,10.83,overcast clouds
554,Kostomuksha,RU,2021-10-25 21:24:39,64.571,30.5767,33.94,100,100,3.13,overcast clouds
555,Adrar,MR,2021-10-25 21:24:39,20.5022,-10.0711,85.46,18,80,12.62,broken clouds
556,Haines Junction,CA,2021-10-25 21:24:40,60.7522,-137.5108,28.35,74,100,1.14,overcast clouds
557,Leningradskiy,RU,2021-10-25 21:24:40,69.3833,178.4167,7.97,95,100,15.21,overcast clouds
558,La Ronge,CA,2021-10-25 21:24:40,55.1001,-105.2842,41.25,70,90,17.27,overcast clouds
559,Valentin Gomez Farias,MX,2021-10-25 21:24:41,28.2167,-106.5833,81.45,16,0,8.25,clear sky
560,Iskateley,RU,2021-10-25 21:24:41,67.6803,53.1512,21.02,83,18,10.04,few clouds
561,Bossangoa,CF,2021-10-25 21:24:42,6.4926,17.4552,72.66,85,54,2.55,broken clouds
562,Ambatofinandrahana,MG,2021-10-25 21:24:42,-20.55,46.8,63.57,79,56,3.96,broken clouds
563,Menongue,AO,2021-10-25 21:24:43,-14.6585,17.691,69.82,70,95,12.68,light rain
564,Xiaoweizhai,CN,2021-10-25 21:24:43,26.1903,107.5125,54.95,80,100,1.83,overcast clouds
565,Leeuwarden,NL,2021-10-25 21:24:43,53.2014,5.8086,53.6,97,75,12.66,heavy intensity rain
566,Ust-Nera,RU,2021-10-25 21:24:44,64.5667,143.2,5.16,99,97,2.66,overcast clouds
567,Trinidad,BO,2021-10-25 21:24:44,-14.8333,-64.9,85.98,48,40,6.91,scattered clouds
568,Buta,CD,2021-10-25 21:24:45,2.7858,24.73,69.78,98,90,1.23,moderate rain
569,Qasigiannguit,GL,2021-10-25 21:24:45,68.8193,-51.1922,16.05,82,2,3.78,clear sky
570,Khasan,RU,2021-10-25 21:24:46,42.4308,130.6434,46.89,75,0,4.45,clear sky
571,Willowmore,ZA,2021-10-25 21:24:46,-33.2926,23.4895,54.81,78,0,10.45,clear sky
572,Cervo,ES,2021-10-25 21:24:47,43.6702,-7.4101,53.96,85,3,3.91,clear sky
573,Basoko,CD,2021-10-25 21:24:47,1.2391,23.616,73.09,87,97,2.37,overcast clouds
574,Pochutla,MX,2021-10-25 21:24:48,15.7432,-96.4661,87.82,63,58,8.37,broken clouds
575,Georgiyevka,KZ,2021-10-25 21:24:48,43.0369,74.7114,35.64,87,0,4.47,mist
576,Semnan,IR,2021-10-25 21:24:49,35.5729,53.3971,54.95,28,1,4.18,clear sky
577,Khandyga,RU,2021-10-25 21:24:49,62.6667,135.6,21.51,98,99,2.26,overcast clouds
578,Uyuni,BO,2021-10-25 21:24:50,-20.4597,-66.825,59.58,7,2,12.48,clear sky
579,Bol,TD,2021-10-25 21:24:50,13.4586,14.7147,87.31,36,1,15.39,clear sky
580,Turukhansk,RU,2021-10-25 21:24:51,65.8167,87.9833,14.76,97,100,6.49,overcast clouds
581,Yairipok,IN,2021-10-25 21:24:51,24.6667,94.0667,65.08,87,77,1.81,broken clouds
582,Hudson Bay,CA,2021-10-25 21:24:52,52.85,-102.3842,48.69,51,100,12.41,overcast clouds
583,Sun Prairie,US,2021-10-25 21:22:57,43.1836,-89.2137,52.07,67,75,4.0,broken clouds
584,Union De San Antonio,MX,2021-10-25 21:24:52,21.1,-101.9667,58.91,84,100,8.61,overcast clouds
585,Brownwood,US,2021-10-25 21:24:53,31.7093,-98.9912,95.0,29,1,12.66,clear sky
586,Howard Springs,AU,2021-10-25 21:24:53,-12.497,131.047,79.83,90,23,3.11,few clouds
587,Batemans Bay,AU,2021-10-25 21:24:54,-35.7167,150.1833,59.2,55,5,2.84,clear sky
588,Jaguarari,BR,2021-10-25 21:24:54,-10.2639,-40.1958,82.22,47,84,11.25,broken clouds
589,Sambava,MG,2021-10-25 21:24:54,-14.2667,50.1667,75.11,80,94,9.22,light rain
590,Vrangel,RU,2021-10-25 21:24:55,42.7297,133.0839,49.95,83,21,3.87,few clouds
591,Conceicao Do Araguaia,BR,2021-10-25 21:24:55,-8.2578,-49.2647,85.71,54,100,4.68,overcast clouds
592,Moura,PT,2021-10-25 21:24:56,38.1401,-7.4486,60.91,47,100,5.93,overcast clouds
593,Nanortalik,GL,2021-10-25 21:24:39,60.1432,-45.2371,33.44,63,33,6.6,scattered clouds
594,Wanxian,CN,2021-10-25 21:24:56,30.8039,108.3897,63.57,83,100,1.1,overcast clouds
595,Bulgan,MN,2021-10-25 21:20:03,48.8125,103.5347,32.79,59,20,3.78,few clouds
596,Sohagpur,IN,2021-10-25 21:24:57,22.7,78.2,67.57,63,12,2.35,few clouds
597,Sola,VU,2021-10-25 21:24:58,-13.8833,167.55,84.87,74,75,0.0,broken clouds
598,Kondinskoye,RU,2021-10-25 21:24:58,59.6481,67.41,30.13,96,100,11.25,snow
599,Triesen,LI,2021-10-25 21:24:58,47.1,9.5333,48.81,83,51,4.43,broken clouds
600,Yanaul,RU,2021-10-25 21:24:59,56.2719,54.9309,28.9,78,8,10.31,clear sky
601,Port Shepstone,ZA,2021-10-25 21:24:59,-30.7414,30.455,64.13,88,100,11.48,light rain
602,Meulaboh,ID,2021-10-25 21:20:55,4.1363,96.1285,74.7,91,96,4.21,overcast clouds
603,Estelle,US,2021-10-25 21:23:48,29.8458,-90.1067,89.06,62,40,5.75,scattered clouds
604,Barabash,RU,2021-10-25 21:25:00,43.2,131.4833,37.08,81,0,3.24,clear sky
605,Shimoda,JP,2021-10-25 21:25:01,34.6667,138.95,60.91,84,100,20.58,overcast clouds
606,San Jose,US,2021-10-25 21:20:01,37.3394,-121.895,66.78,55,75,3.0,moderate rain
607,Aykhal,RU,2021-10-25 21:25:02,66.0,111.5,15.58,96,99,12.17,overcast clouds
608,Nyurba,RU,2021-10-25 21:25:03,63.2842,118.3319,31.48,83,96,7.31,overcast clouds
609,Balikpapan,ID,2021-10-25 21:25:04,-1.2675,116.8289,75.07,90,74,3.29,light rain
610,Wagar,SD,2021-10-25 21:25:04,16.1525,36.2032,86.72,45,15,10.96,few clouds
611,Buchanan,LR,2021-10-25 21:25:05,5.8808,-10.0467,78.76,88,100,6.31,moderate rain
612,Vaasa,FI,2021-10-25 21:25:06,63.096,21.6158,46.42,93,90,9.22,overcast clouds
613,Lorengau,PG,2021-10-25 21:25:07,-2.0226,147.2712,82.06,75,47,4.18,scattered clouds
614,Sonoita,MX,2021-10-25 21:25:07,31.85,-112.8333,85.53,28,0,23.04,clear sky
615,Payo,ID,2021-10-25 21:25:08,-3.7508,103.6372,72.1,97,85,1.9,light rain
616,Cherdyn,RU,2021-10-25 21:25:08,60.403,56.4787,26.73,89,90,7.49,overcast clouds
617,Sao Jose Da Coroa Grande,BR,2021-10-25 21:25:09,-8.8978,-35.1478,77.99,79,11,11.56,few clouds
618,Cam Ranh,VN,2021-10-25 21:25:09,11.9214,109.1591,75.16,88,75,12.66,broken clouds
619,Carndonagh,IE,2021-10-25 21:25:10,55.25,-7.2667,46.29,93,100,8.1,overcast clouds
620,Negombo,LK,2021-10-25 21:25:10,7.2083,79.8358,73.45,94,20,3.44,few clouds
621,Zyryanka,RU,2021-10-25 21:25:11,65.75,150.85,1.11,97,99,4.03,overcast clouds
622,Beringovskiy,RU,2021-10-25 21:25:11,63.05,179.3167,12.54,75,100,5.84,overcast clouds
623,Banjar,ID,2021-10-25 21:25:11,-8.19,114.9675,76.91,91,92,4.74,overcast clouds
624,Yellandu,IN,2021-10-25 21:25:12,17.6,80.3333,68.02,82,99,3.53,overcast clouds
625,Kawalu,ID,2021-10-25 21:25:12,-7.3817,108.2082,72.28,89,83,0.74,broken clouds
626,Ilhabela,BR,2021-10-25 21:25:13,-23.7781,-45.3581,67.91,89,98,9.4,overcast clouds
627,Pokrovsk,UA,2021-10-25 21:25:13,48.282,37.1758,33.15,51,4,4.0,clear sky
628,Honiara,SB,2021-10-25 21:25:14,-9.4333,159.95,82.04,79,12,4.83,few clouds
629,Marienburg,PL,2021-10-25 21:25:14,54.0359,19.0266,45.05,78,100,8.03,overcast clouds
630,Kulhudhuffushi,MV,2021-10-25 21:25:15,6.6221,73.07,81.5,78,95,8.84,overcast clouds
631,Shubarshi,KZ,2021-10-25 21:25:15,48.5872,57.1869,40.08,70,83,12.8,broken clouds
632,Barra Patuca,HN,2021-10-25 21:25:15,15.8,-84.2833,85.35,74,15,11.65,few clouds
633,Nigran,ES,2021-10-25 21:25:16,42.1415,-8.8066,60.64,88,0,4.61,clear sky
634,Perpignan,FR,2021-10-25 21:21:11,42.75,2.75,57.65,66,0,5.75,clear sky
635,Katobu,ID,2021-10-25 21:25:17,-4.9408,122.5276,75.13,92,100,3.36,overcast clouds
636,Seoul,KR,2021-10-25 21:25:12,37.5683,126.9778,49.44,93,40,2.3,mist
637,Bang Sao Thong,TH,2021-10-25 21:25:17,13.595,100.8304,82.96,83,20,2.3,few clouds
638,Kiboga,UG,2021-10-25 21:25:18,0.9161,31.7742,61.43,95,97,0.96,light rain
639,Owando,CG,2021-10-25 21:25:18,-0.4819,15.8999,71.11,98,100,3.15,overcast clouds
640,Sindor,RU,2021-10-25 21:25:19,62.8629,51.8905,28.13,84,99,4.16,overcast clouds
641,Babynino,RU,2021-10-25 21:25:19,54.39,35.73,29.95,78,13,10.6,few clouds
642,Nadezhda,RU,2021-10-25 21:25:20,44.1,44.6,40.96,85,99,6.76,overcast clouds
643,Aktau,KZ,2021-10-25 21:25:20,43.65,51.2,46.98,66,100,17.81,overcast clouds
644,Meridian,US,2021-10-25 21:25:21,43.6121,-116.3915,52.32,88,1,1.01,clear sky
645,Paranaiba,BR,2021-10-25 21:25:21,-19.6772,-51.1908,77.67,68,62,9.4,broken clouds
646,Cuajinicuilapa,MX,2021-10-25 21:25:22,16.4667,-98.4167,85.98,70,84,6.51,broken clouds
647,Sioux Lookout,CA,2021-10-25 21:25:22,50.1001,-91.917,43.18,75,75,5.75,broken clouds
648,Barra,BR,2021-10-25 21:25:23,-11.0894,-43.1417,84.81,55,66,3.96,broken clouds
649,Eenhana,NA,2021-10-25 21:21:21,-17.4667,16.3333,82.15,33,33,3.96,scattered clouds
650,San Lawrenz,MT,2021-10-25 21:25:23,36.0553,14.204,63.81,67,99,19.1,moderate rain
651,Bijawar,IN,2021-10-25 21:25:24,24.6333,79.5,69.1,54,0,3.09,clear sky
652,Ganzhou,CN,2021-10-25 21:25:24,28.8184,115.4327,57.07,79,81,2.08,broken clouds
653,Moroni,KM,2021-10-25 21:25:25,-11.7022,43.2551,78.64,84,13,2.75,few clouds
654,Show Low,US,2021-10-25 21:25:25,34.2542,-110.0298,77.68,25,1,23.02,clear sky
655,Anton Lizardo,MX,2021-10-25 21:25:25,19.05,-95.9833,89.82,76,45,7.96,scattered clouds
656,Biak,ID,2021-10-25 21:25:05,-0.9131,122.8766,76.15,86,100,0.34,overcast clouds
657,Druzhba,UA,2021-10-25 21:25:26,52.0428,33.9453,31.37,74,8,6.93,clear sky
658,Isangel,VU,2021-10-25 21:25:27,-19.55,169.2667,82.51,69,75,9.22,broken clouds
659,Kushima,JP,2021-10-25 21:25:27,31.4583,131.2333,50.04,90,2,4.03,clear sky
660,Lata,PT,2021-10-25 21:25:27,40.1629,-8.3327,58.06,93,0,2.15,clear sky
661,Nantucket,US,2021-10-25 21:24:27,41.2835,-70.0995,67.96,88,40,11.5,scattered clouds
662,Bom Jesus Da Lapa,BR,2021-10-25 21:25:28,-13.255,-43.4181,83.05,62,80,5.44,broken clouds
663,Machilipatnam,IN,2021-10-25 21:25:29,16.1667,81.1333,76.26,83,8,6.22,clear sky
664,Flinders,AU,2021-10-25 21:25:29,-34.5833,150.8552,60.08,75,3,1.01,clear sky
665,Rio Grande,BR,2021-10-25 21:25:29,-32.035,-52.0986,82.51,65,0,10.65,clear sky
666,Shar,KZ,2021-10-25 21:25:04,49.5886,81.0453,40.6,51,78,7.67,broken clouds
667,Amot,NO,2021-10-25 21:25:30,59.5714,7.9877,45.52,94,64,3.31,broken clouds
668,Chernyshevskiy,RU,2021-10-25 21:25:31,63.0128,112.4714,28.49,97,100,7.52,light snow
669,Barsukovskaya,RU,2021-10-25 21:25:31,44.7632,41.8191,39.34,83,95,0.74,overcast clouds
670,Urozhaynoye,RU,2021-10-25 21:25:31,44.7883,44.9228,43.11,71,96,6.17,overcast clouds
671,Shelburne,CA,2021-10-25 21:25:32,44.0787,-80.2041,41.76,98,100,18.39,moderate rain
672,Lokoja,NG,2021-10-25 21:25:32,7.8024,6.743,79.21,83,76,4.38,broken clouds
673,George Town,MY,2021-10-25 21:23:06,5.4112,100.3354,80.89,91,20,4.61,few clouds
674,Neiafu,TO,2021-10-25 21:25:30,-18.65,-173.9833,77.68,78,75,6.91,broken clouds
675,Progreso,MX,2021-10-25 21:25:33,21.2833,-89.6667,93.11,71,80,12.35,broken clouds
676,Dolzhanskaya,RU,2021-10-25 21:25:34,46.6311,37.8039,38.91,50,13,10.18,few clouds
677,Ames,US,2021-10-25 21:25:34,42.0347,-93.6199,55.67,77,1,5.01,clear sky
678,Calderitas,MX,2021-10-25 21:25:34,18.55,-88.25,87.91,74,40,13.8,scattered clouds
679,Kotra,IN,2021-10-25 21:25:35,25.8167,79.3167,75.83,56,9,6.22,clear sky
680,Sorland,NO,2021-10-25 21:25:35,67.667,12.6934,47.91,95,100,17.94,light rain
681,Orangeburg,US,2021-10-25 21:25:36,33.4918,-80.8557,79.95,70,90,6.91,overcast clouds
682,Sagua De Tanamo,CU,2021-10-25 21:25:36,20.5819,-75.2414,83.95,73,98,5.35,overcast clouds
683,Karratha,AU,2021-10-25 21:25:36,-20.7377,116.8463,74.32,43,2,10.98,clear sky
684,Eydhafushi,MV,2021-10-25 21:25:37,5.1033,73.0708,81.12,80,100,12.28,heavy intensity rain
685,Hachinohe,JP,2021-10-25 21:25:37,40.5,141.5,52.65,78,100,3.98,light rain
686,Chapada Dos Guimaraes,BR,2021-10-25 21:25:38,-15.4606,-55.7497,76.66,69,100,1.28,overcast clouds
687,Pingliang,CN,2021-10-25 21:25:38,35.5392,106.6861,45.05,76,100,13.51,overcast clouds
688,Beloha,MG,2021-10-25 21:25:39,-25.1667,45.05,72.27,89,20,11.43,few clouds
689,Pokhara,NP,2021-10-25 21:25:39,28.2333,83.9833,59.5,63,7,6.8,clear sky
690,Colac,AU,2021-10-25 21:25:39,-38.3333,143.5833,52.18,80,0,1.52,clear sky
691,Port Keats,AU,2021-10-25 21:22:19,-14.25,129.55,81.21,74,19,1.83,few clouds
692,Turtas,RU,2021-10-25 21:25:40,58.9417,69.1325,35.44,97,100,4.5,overcast clouds
693,Oksfjord,NO,2021-10-25 21:25:41,70.2396,22.3479,28.47,93,79,10.11,broken clouds
694,Iqaluit,CA,2021-10-25 21:24:20,63.7506,-68.5145,31.73,86,90,4.0,overcast clouds
695,Plessisville,CA,2021-10-25 21:25:41,46.2186,-71.762,45.09,72,100,5.32,overcast clouds
696,Grand-Lahou,CI,2021-10-25 21:25:42,5.1367,-5.0242,78.24,86,99,9.64,light rain
697,Makiyivka,UA,2021-10-25 21:25:42,48.0478,37.9258,37.36,41,4,3.36,clear sky
698,Sungaipenuh,ID,2021-10-25 21:25:43,-2.0833,101.3833,64.78,96,100,1.86,heavy intensity rain
